{
  "appName": "PhotoVault",
  "tagline": "Secure. Private. Yours.",
  "loginWith": "Login with {{type}}",
  "orContinueWith": "or continue with email",
  "email": "Email",
  "emailPlaceholder": "your@email.com",
  "password": "Password",
  "passwordPlaceholder": "••••••••",
  "confirmPassword": "Confirm Password",
  "login": "Login",
  "createAccount": "Create Account",
  "pleaseWait": "Please wait...",
  "noAccount": "Don't have an account?",
  "hasAccount": "Already have an account?",
  "signUp": "Sign up",
  "loggedInSuccess": "Logged in successfully",
  "accountCreated": "Account created successfully",
  "errors": {
    "passwordMismatch": "Passwords do not match",
    "invalidEmail": "Invalid email address",
    "userNotFound": "User not found",
    "wrongPassword": "Incorrect password",
    "emailInUse": "Email already in use",
    "weakPassword": "Password should be at least 6 characters",
    "generic": "An error occurred",
    "biometricFailed": "Biometric authentication failed"
  }
}