{
  "profile": {
    "title": "Profile",
    "user": "User",
    "email": "Email",
    "displayName": "Display name",
    "photoCount": "Photos",
    "albumCount": "Albums",
    "favoriteCount": "Favorites",
    "stats": "Statistics"
  },
  "settings": {
    "title": "Settings",
    "general": "General",
    "security": "Security",
    "appearance": "Appearance",
    "language": "Language",
    "notifications": "Notifications",
    "privacy": "Privacy",
    "account": "Account",
    "about": "About",
    "help": "Help",
    "support": "Support"
  },
  "theme": {
    "title": "Theme",
    "light": "Light",
    "dark": "Dark",
    "auto": "Automatic"
  },
  "language": {
    "title": "Language",
    "norwegian": "Norsk",
    "english": "English",
    "swedish": "Svenska",
    "danish": "Dansk",
    "select": "Select language"
  },
  "account": {
    "title": "Account",
    "profile": "My profile",
    "subscription": "Subscription",
    "storage": "Storage",
    "logout": "Log out",
    "deleteAccount": "Delete account",
    "confirmLogout": "Confirm logout",
    "confirmLogoutMessage": "Are you sure you want to log out?",
    "loggedOut": "You are now logged out"
  },
  "subscription": {
    "title": "Subscription",
    "free": "Free",
    "pro": "Pro",
    "upgrade": "Upgrade to Pro",
    "manage": "Manage subscription",
    "features": "Features",
    "storage": "{{size}} storage",
    "unlimitedStorage": "Unlimited storage"
  },
  "aiFunctions": {
    "title": "AI Functions",
    "autoSort": "Auto-sorting",
    "autoSortDesc": "Organize photos automatically",
    "imageEnhancement": "Image enhancement",
    "imageEnhancementDesc": "AI-powered quality improvement",
    "faceRecognition": "Face recognition",
    "faceRecognitionDesc": "Group photos by person",
    "smartTagging": "Smart tagging",
    "smartTaggingDesc": "Automatic AI tags",
    "duplicateDetection": "Duplicate detection",
    "duplicateDetectionDesc": "Find and remove duplicates"
  },
  "info": {
    "title": "Information",
    "help": "Help and support",
    "privacy": "Privacy policy",
    "terms": "Terms of service",
    "about": "About PhotoVault",
    "version": "Version"
  },
  "admin": {
    "title": "Admin",
    "userManagement": "User management",
    "databaseTools": "Database tools",
    "analytics": "Analytics",
    "settings": "Admin settings"
  },
  "search": {
    "title": "Search",
    "placeholder": "Search in photos...",
    "noResults": "No results",
    "searching": "Searching...",
    "filters": "Filters",
    "date": "Date",
    "album": "Album",
    "tags": "Tags",
    "location": "Location"
  },
  "ai": {
  "aiTags": "AI tags",
  "facesDetected": "Faces detected",
  "aiAnalyzed": "AI analyzed",
  "category": "Category"
},
"notifications": {
  "processing": "Processing...",
  "success": "Completed",
  "error": "An error occurred",
  "copied": "Link copied!",
  "imported": "Data imported!",
  "exported": "Data exported!",
  "deleted": "Account deleted",
  "languageChanged": "Language changed to {{lang}}",
  "themeChanged": "{{theme}} theme activated",
  "upgradeUnavailable": "Upgrade is currently unavailable"
},
"storage": {
  "almostFull": "Almost full",
  "needMoreSpace": "Need more space?",
  "upgradeHint": "Upgrade to Pro for 100 GB storage and AI features",
  "used": "used"
},
"buttons": {
  "upgrade": "Upgrade",
  "cancel": "Cancel",
  "confirm": "Confirm",
  "delete": "Delete",
  "deletePermanent": "Delete permanently",
  "share": "Share",
  "export": "Export",
  "import": "Import",
  "help": "Help",
  "close": "Close",
  "confirmDelete": "Confirm deletion"
},
"modals": {
  "deleteAccountTitle": "Delete account",
  "deleteAccountMessage": "Are you sure you want to permanently delete your account? All photos, albums and data will be lost and cannot be recovered.",
  "processing": "Processing..."
},
"customization": {
  "title": "Customization",
  "themeLight": "Light theme",
  "themeDark": "Dark theme"
},
"searchPage": {
  "title": "Search",
  "edit": "Edit",
  "done": "Done",
  "filters": "Filters",
  "move": "Move",
  "searchPlaceholder": "Search by name, AI tags or category",
  "favorites": "Favorites",
  "withFaces": "With faces",
  "withTags": "With AI tags",
  "aiAnalyzed": "AI analyzed",
  "allAlbums": "All albums",
  "allCategories": "All categories",
  "allDates": "All dates",
  "popularTags": "Popular AI tags",
  "activeFilters": "Active filters",
  "resetFilters": "Reset filters",
  "setAsCover": "Set as cover",
  "deletePhoto": "Delete photo",
  "confirmDeleteTitle": "Confirm deletion",
  "confirmDeleteMessage": "Are you sure you want to permanently delete this photo?",
  "confirmDeleteButton": "Delete photo",
  "cancel": "Cancel"
}

}
