{
  "appName": "PhotoVault",
  "tagline": "Sikker. Privat. Din.",
  "loginWith": "Logg inn med {{type}}",
  "orContinueWith": "eller fortsett med e-post",
  "email": "E-post",
  "emailPlaceholder": "din@epost.no",
  "password": "Passord",
  "passwordPlaceholder": "••••••••",
  "confirmPassword": "Bekreft passord",
  "login": "Logg inn",
  "createAccount": "Opprett konto",
  "pleaseWait": "Vennligst vent...",
  "noAccount": "Har du ikke konto?",
  "hasAccount": "Har du allerede konto?",
  "signUp": "Registrer deg",
  "loggedInSuccess": "Logget inn",
  "accountCreated": "Konto opprettet",
  "errors": {
    "passwordMismatch": "Passordene stemmer ikke overens",
    "invalidEmail": "Ugyldig e-postadresse",
    "userNotFound": "Bruker ikke funnet",
    "wrongPassword": "Feil passord",
    "emailInUse": "E-post allerede i bruk",
    "weakPassword": "Passord må være minst 6 tegn",
    "generic": "Det oppstod en feil",
    "biometricFailed": "Biometrisk autentisering feilet"
  }
}