{
  "profile": {
    "title": "Profil",
    "user": "Bruker",
    "email": "E-post",
    "displayName": "Visningsnavn",
    "photoCount": "Bilder",
    "albumCount": "Album",
    "favoriteCount": "Favoritter",
    "stats": "Statistikk"
  },
  "settings": {
    "title": "Innstillinger",
    "general": "Generelt",
    "security": "Sikkerhet",
    "appearance": "Utseende",
    "language": "Språk",
    "notifications": "Notifikasjoner",
    "privacy": "Personvern",
    "account": "Konto",
    "about": "Om",
    "help": "Hjelp",
    "support": "Support"
  },
  "theme": {
    "title": "Tema",
    "light": "Lys",
    "dark": "Mørk",
    "auto": "Automatisk"
  },
  "language": {
    "title": "Språk",
    "norwegian": "Norsk",
    "english": "English",
    "swedish": "Svenska",
    "danish": "Dansk",
    "select": "Velg språk"
  },
  "account": {
    "title": "Konto",
    "profile": "Min profil",
    "subscription": "Abonnement",
    "storage": "Lagring",
    "logout": "Logg ut",
    "deleteAccount": "Slett konto",
    "confirmLogout": "Bekreft utlogging",
    "confirmLogoutMessage": "Er du sikker på at du vil logge ut?",
    "loggedOut": "Du er nå logget ut"
  },
  "subscription": {
    "title": "Abonnement",
    "free": "Gratis",
    "pro": "Pro",
    "upgrade": "Oppgrader til Pro",
    "manage": "Administrer abonnement",
    "features": "Funksjoner",
    "storage": "{{size}} lagring",
    "unlimitedStorage": "Ubegrenset lagring"
  },
  "aiFunctions": {
    "title": "AI-funksjoner",
    "autoSort": "Auto-sortering",
    "autoSortDesc": "Organiser bilder automatisk",
    "imageEnhancement": "Bildeforbedring",
    "imageEnhancementDesc": "AI-forbedring av kvalitet",
    "faceRecognition": "Ansiktsgjenkjenning",
    "faceRecognitionDesc": "Grupper bilder etter person",
    "smartTagging": "Smart tagging",
    "smartTaggingDesc": "Automatisk AI-tagger",
    "duplicateDetection": "Duplikat-deteksjon",
    "duplicateDetectionDesc": "Finn og fjern duplikater"
  },
  "info": {
    "title": "Informasjon",
    "help": "Hjelp og support",
    "privacy": "Privacy policy",
    "terms": "Terms of service",
    "about": "Om PhotoVault",
    "version": "Versjon"
  },
  "admin": {
    "title": "Admin",
    "userManagement": "Brukeradministrasjon",
    "databaseTools": "Database-verktøy",
    "analytics": "Analyser",
    "settings": "Admin-innstillinger"
  },
  "search": {
    "title": "Søk",
    "placeholder": "Søk i bilder...",
    "noResults": "Ingen resultater",
    "searching": "Søker...",
    "filters": "Filtre",
    "date": "Dato",
    "album": "Album",
    "tags": "Tagger",
    "location": "Lokasjon"
  },
 "ai": {
  "autoTagging": "AI Auto-tagging",
  "autoTaggingDesc": "Analyser automatisk med Google Vision AI",
  "successWithAI": "{{count}} bilder lastet opp og AI-analysert!",
  "analyzing": "Analyserer med AI..."
},
"notifications": {
  "processing": "Behandler...",
  "success": "Fullført",
  "error": "Feil oppstod",
  "copied": "Lenke kopiert!",
  "imported": "Data importert!",
  "exported": "Data eksportert!",
  "deleted": "Konto slettet",
  "languageChanged": "Språk endret til {{lang}}",
  "themeChanged": "{{theme}} tema aktivert",
  "upgradeUnavailable": "Oppgradering er ikke tilgjengelig for øyeblikket"
},
"storage": {
  "almostFull": "Nesten fullt",
  "needMoreSpace": "Trenger mer plass?",
  "upgradeHint": "Oppgrader til Pro og få 100 GB lagring og AI-funksjoner",
  "used": "brukt"
},
"buttons": {
  "upgrade": "Oppgrader",
  "cancel": "Avbryt",
  "confirm": "Bekreft",
  "delete": "Slett",
  "deletePermanent": "Slett permanent",
  "share": "Del",
  "export": "Eksporter",
  "import": "Importer",
  "help": "Hjelp",
  "close": "Lukk",
  "confirmDelete": "Bekreft sletting"
},
"modals": {
  "deleteAccountTitle": "Slett konto",
  "deleteAccountMessage": "Er du sikker på at du vil slette kontoen din permanent? Alle bilder, album og data vil bli slettet og kan ikke gjenopprettes.",
  "processing": "Behandler..."
},
"customization": {
  "title": "Tilpasning",
  "themeLight": "Lyst tema",
  "themeDark": "Mørkt tema"
},
"searchPage": {
  "title": "Søk",
  "edit": "Rediger",
  "done": "Ferdig",
  "filters": "Filtre",
  "move": "Flytt",
  "searchPlaceholder": "Søk i navn, AI-tags eller kategori",
  "favorites": "Favoritter",
  "withFaces": "Med ansikter",
  "withTags": "Med AI-tags",
  "aiAnalyzed": "AI-analysert",
  "allAlbums": "Alle album",
  "allCategories": "Alle kategorier",
  "allDates": "Alle datoer",
  "popularTags": "Populære AI-tags",
  "activeFilters": "Aktive filtre",
  "resetFilters": "Nullstill filtre",
  "setAsCover": "Sett som forside",
  "deletePhoto": "Slett bilde",
  "confirmDeleteTitle": "Bekreft sletting",
  "confirmDeleteMessage": "Er du sikker på at du vil slette dette bildet permanent?",
  "confirmDeleteButton": "Slett bilde",
  "cancel": "Avbryt"
}
}