{
	"appId": "com.cre8web.photovault",
	"appName": "PhotoVault",
	"webDir": "build",
	"server": {
		"androidScheme": "https",
		"iosScheme": "https"
	},
	"plugins": {
		"SplashScreen": {
			"launchShowDuration": 2000,
			"launchAutoHide": true,
			"backgroundColor": "#0A0E1A",
			"androidSplashResourceName": "splash",
			"androidScaleType": "CENTER_CROP",
			"showSpinner": false,
			"splashFullScreen": true,
			"splashImmersive": true
		},
		"StatusBar": {
			"style": "dark",
			"backgroundColor": "#0A0E1A"
		},
		"Keyboard": {
			"resize": "body",
			"style": "dark",
			"resizeOnFullScreen": true
		},
		"Camera": {
			"presentationStyle": "fullscreen"
		}
	},
	"ios": {
		"contentInset": "always"
	},
	"android": {}
}
